,user1,user2,weight replies,weight retweets,weight mentions
0,kathystone1221,kzocd,0,0,0.0
1,kathystone1221,bruce_bwkm,0,0,0.0
2,kathystone1221,KochOdette,0,0,0.0
3,kathystone1221,Schanette55,0,0,0.0
4,kathystone1221,VACatLady,0,0,0.0
5,kathystone1221,SandyKuti,0,0,0.0
6,kathystone1221,coldwarning,0,0,0.0
7,kathystone1221,galnolabebu,0,0,0.0
8,kathystone1221,Donna_Garness,0,0,0.0
9,kathystone1221,lisaginardi,0,0,0.0
10,kathystone1221,LuLaY_T,0,0,0.0
11,kathystone1221,TeedIsMe,0,0,0.0
12,kathystone1221,1sthappysodme,0,0,0.0
13,kathystone1221,Margare04323327,0,0,0.0
14,kathystone1221,ExcelAfrica,0,0,0.0
15,kathystone1221,pizzaital,0,0,0.0
16,kathystone1221,FindAClearTruth,0,0,0.0
17,kathystone1221,3thofme,0,0,0.0
18,kathystone1221,NJTRANSIT,0,0,0.0
19,kathystone1221,CarsinMichel,0,0,0.0
20,kathystone1221,1OneCredit,0,0,0.0
21,kathystone1221,DarrellWest1984,0,0,0.0
22,kathystone1221,DreamsRestless,0,0,0.0
23,kathystone1221,AllisonRhody56,0,0,0.0
24,kathystone1221,mcnellenbach,0,0,0.0
25,kathystone1221,julianswainson,0,0,0.0
26,kathystone1221,roderickburrell,0,0,0.0
27,kathystone1221,timothy_burden,0,0,0.0
28,kathystone1221,Somethin_k,0,0,0.0
29,kathystone1221,ComPattyjs,0,0,0.0
30,kathystone1221,tentenvilu,0,0,0.0
31,kathystone1221,BobtheReplier,0,0,0.0
32,kathystone1221,Bamafanaticfan1,0,0,0.0
33,kathystone1221,EvilMissMiracle,0,0,0.0
34,kathystone1221,LaurieSpoon,0,0,0.0
35,kathystone1221,nickpaluzzi,0,0,0.0
36,kathystone1221,RealVicAndrew,0,0,0.0
37,kathystone1221,bob_shoots,0,0,0.0
38,kathystone1221,manf40,0,0,0.0
39,kathystone1221,Anthellia,0,0,0.0
40,kathystone1221,rothauch,0,0,0.0
41,kathystone1221,slxvmm,0,0,0.0
42,kathystone1221,thaimrc,0,0,0.0
43,kathystone1221,21PotterDragons,0,0,0.0
44,kathystone1221,kblast523,0,0,0.0
45,kathystone1221,RickyCa69392149,0,0,0.0
46,kathystone1221,sagittxrus,0,0,0.0
47,kathystone1221,dm3300,0,0,0.0
48,kathystone1221,davi_ferrarez,0,0,0.0
49,kzocd,bruce_bwkm,0,0,0.0
50,kzocd,KochOdette,0,0,0.0
51,kzocd,Schanette55,0,0,0.0
52,kzocd,VACatLady,0,0,0.0
53,kzocd,SandyKuti,0,0,0.0
54,kzocd,coldwarning,0,0,0.0
55,kzocd,galnolabebu,0,0,0.0
56,kzocd,Donna_Garness,0,0,0.0
57,kzocd,lisaginardi,0,0,0.0
58,kzocd,LuLaY_T,0,0,0.0
59,kzocd,TeedIsMe,0,0,0.0
60,kzocd,1sthappysodme,0,0,0.0
61,kzocd,Margare04323327,0,0,0.0
62,kzocd,ExcelAfrica,0,0,0.0
63,kzocd,pizzaital,0,0,0.0
64,kzocd,FindAClearTruth,0,0,0.0
65,kzocd,3thofme,0,0,0.0
66,kzocd,NJTRANSIT,0,0,0.0
67,kzocd,CarsinMichel,0,0,0.0
68,kzocd,1OneCredit,0,0,0.0
69,kzocd,DarrellWest1984,0,0,0.0
70,kzocd,DreamsRestless,0,0,0.0
71,kzocd,AllisonRhody56,0,0,0.0
72,kzocd,mcnellenbach,0,0,0.0
73,kzocd,julianswainson,0,0,0.0
74,kzocd,roderickburrell,0,0,0.0
75,kzocd,timothy_burden,0,0,0.0
76,kzocd,Somethin_k,0,0,0.0
77,kzocd,ComPattyjs,0,0,0.0
78,kzocd,tentenvilu,0,0,0.0
79,kzocd,BobtheReplier,0,0,0.0
80,kzocd,Bamafanaticfan1,0,0,0.0
81,kzocd,EvilMissMiracle,0,0,0.0
82,kzocd,LaurieSpoon,0,0,0.0
83,kzocd,nickpaluzzi,0,0,0.0
84,kzocd,RealVicAndrew,0,0,0.0
85,kzocd,bob_shoots,0,0,0.0
86,kzocd,manf40,0,0,0.0
87,kzocd,Anthellia,0,0,0.0
88,kzocd,rothauch,0,0,0.0
89,kzocd,slxvmm,0,0,0.0
90,kzocd,thaimrc,0,0,0.0
91,kzocd,21PotterDragons,0,0,0.0
92,kzocd,kblast523,0,0,0.0
93,kzocd,RickyCa69392149,0,0,0.0
94,kzocd,sagittxrus,0,0,0.0
95,kzocd,dm3300,0,0,0.0
96,kzocd,davi_ferrarez,0,0,0.0
97,bruce_bwkm,KochOdette,0,0,0.0
98,bruce_bwkm,Schanette55,0,0,0.0
99,bruce_bwkm,VACatLady,0,0,0.0
100,bruce_bwkm,SandyKuti,0,0,0.0
101,bruce_bwkm,coldwarning,0,0,0.0
102,bruce_bwkm,galnolabebu,0,0,0.0
103,bruce_bwkm,Donna_Garness,0,0,0.0
104,bruce_bwkm,lisaginardi,0,0,0.0
105,bruce_bwkm,LuLaY_T,0,0,0.0
106,bruce_bwkm,TeedIsMe,0,0,0.0
107,bruce_bwkm,1sthappysodme,0,0,0.0
108,bruce_bwkm,Margare04323327,0,0,0.0
109,bruce_bwkm,ExcelAfrica,0,0,0.0
110,bruce_bwkm,pizzaital,0,0,0.0
111,bruce_bwkm,FindAClearTruth,0,0,0.0
112,bruce_bwkm,3thofme,0,0,0.0
113,bruce_bwkm,NJTRANSIT,0,0,0.0
114,bruce_bwkm,CarsinMichel,0,0,0.0
115,bruce_bwkm,1OneCredit,0,0,0.0
116,bruce_bwkm,DarrellWest1984,0,0,0.0
117,bruce_bwkm,DreamsRestless,0,0,0.0
118,bruce_bwkm,AllisonRhody56,0,0,0.0
119,bruce_bwkm,mcnellenbach,0,0,0.0
120,bruce_bwkm,julianswainson,0,0,0.0
121,bruce_bwkm,roderickburrell,0,0,0.0
122,bruce_bwkm,timothy_burden,0,0,0.0
123,bruce_bwkm,Somethin_k,0,0,0.0
124,bruce_bwkm,ComPattyjs,0,0,0.0
125,bruce_bwkm,tentenvilu,0,0,0.0
126,bruce_bwkm,BobtheReplier,0,0,0.0
127,bruce_bwkm,Bamafanaticfan1,0,0,0.0
128,bruce_bwkm,EvilMissMiracle,0,0,0.0
129,bruce_bwkm,LaurieSpoon,0,0,0.0
130,bruce_bwkm,nickpaluzzi,0,0,0.0
131,bruce_bwkm,RealVicAndrew,0,0,0.0
132,bruce_bwkm,bob_shoots,0,0,0.0
133,bruce_bwkm,manf40,0,0,0.0
134,bruce_bwkm,Anthellia,0,0,0.0
135,bruce_bwkm,rothauch,0,0,0.0
136,bruce_bwkm,slxvmm,0,0,0.0
137,bruce_bwkm,thaimrc,0,0,0.0
138,bruce_bwkm,21PotterDragons,0,0,0.0
139,bruce_bwkm,kblast523,0,0,0.0
140,bruce_bwkm,RickyCa69392149,0,0,0.0
141,bruce_bwkm,sagittxrus,0,0,0.0
142,bruce_bwkm,dm3300,0,0,0.0
143,bruce_bwkm,davi_ferrarez,0,0,0.0
144,KochOdette,Schanette55,0,0,0.0
145,KochOdette,VACatLady,0,0,0.0
146,KochOdette,SandyKuti,0,0,0.0
147,KochOdette,coldwarning,0,0,0.0
148,KochOdette,galnolabebu,0,0,0.0
149,KochOdette,Donna_Garness,0,0,0.0
150,KochOdette,lisaginardi,0,0,0.0
151,KochOdette,LuLaY_T,0,0,0.0
152,KochOdette,TeedIsMe,0,0,0.0
153,KochOdette,1sthappysodme,0,0,0.0
154,KochOdette,Margare04323327,0,0,0.0
155,KochOdette,ExcelAfrica,0,0,0.0
156,KochOdette,pizzaital,0,0,0.0
157,KochOdette,FindAClearTruth,0,0,0.0
158,KochOdette,3thofme,0,0,0.0
159,KochOdette,NJTRANSIT,0,0,0.0
160,KochOdette,CarsinMichel,0,0,0.0
161,KochOdette,1OneCredit,0,0,0.0
162,KochOdette,DarrellWest1984,0,0,0.0
163,KochOdette,DreamsRestless,0,0,0.0
164,KochOdette,AllisonRhody56,0,0,0.0
165,KochOdette,mcnellenbach,0,0,0.0
166,KochOdette,julianswainson,0,0,0.0
167,KochOdette,roderickburrell,0,0,0.0
168,KochOdette,timothy_burden,0,0,0.0
169,KochOdette,Somethin_k,0,0,0.0
170,KochOdette,ComPattyjs,0,0,0.0
171,KochOdette,tentenvilu,0,0,0.0
172,KochOdette,BobtheReplier,0,0,0.0
173,KochOdette,Bamafanaticfan1,0,0,0.0
174,KochOdette,EvilMissMiracle,0,0,0.0
175,KochOdette,LaurieSpoon,0,0,0.0
176,KochOdette,nickpaluzzi,0,0,0.0
177,KochOdette,RealVicAndrew,0,0,0.0
178,KochOdette,bob_shoots,0,0,0.0
179,KochOdette,manf40,0,0,0.0
180,KochOdette,Anthellia,0,0,0.0
181,KochOdette,rothauch,0,0,0.0
182,KochOdette,slxvmm,0,0,0.0
183,KochOdette,thaimrc,0,0,0.0
184,KochOdette,21PotterDragons,0,0,0.0
185,KochOdette,kblast523,0,0,0.0
186,KochOdette,RickyCa69392149,0,0,0.0
187,KochOdette,sagittxrus,0,0,0.0
188,KochOdette,dm3300,0,0,0.0
189,KochOdette,davi_ferrarez,0,0,0.0
190,Schanette55,VACatLady,0,0,0.0
191,Schanette55,SandyKuti,0,0,0.0
192,Schanette55,coldwarning,0,0,0.0
193,Schanette55,galnolabebu,0,0,0.0
194,Schanette55,Donna_Garness,0,0,0.0
195,Schanette55,lisaginardi,0,0,0.0
196,Schanette55,LuLaY_T,0,0,0.0
197,Schanette55,TeedIsMe,0,0,0.0
198,Schanette55,1sthappysodme,0,0,0.0
199,Schanette55,Margare04323327,0,0,0.0
200,Schanette55,ExcelAfrica,0,0,0.0
201,Schanette55,pizzaital,0,0,0.0
202,Schanette55,FindAClearTruth,0,0,0.0
203,Schanette55,3thofme,0,0,0.0
204,Schanette55,NJTRANSIT,0,0,0.0
205,Schanette55,CarsinMichel,0,0,0.0
206,Schanette55,1OneCredit,0,0,0.0
207,Schanette55,DarrellWest1984,0,0,0.0
208,Schanette55,DreamsRestless,0,0,0.0
209,Schanette55,AllisonRhody56,0,0,0.0
210,Schanette55,mcnellenbach,0,0,0.0
211,Schanette55,julianswainson,0,0,0.0
212,Schanette55,roderickburrell,0,0,0.0
213,Schanette55,timothy_burden,0,0,0.0
214,Schanette55,Somethin_k,0,0,0.0
215,Schanette55,ComPattyjs,0,0,0.0
216,Schanette55,tentenvilu,0,0,0.0
217,Schanette55,BobtheReplier,0,0,0.0
218,Schanette55,Bamafanaticfan1,0,0,0.0
219,Schanette55,EvilMissMiracle,0,0,0.0
220,Schanette55,LaurieSpoon,0,0,0.0
221,Schanette55,nickpaluzzi,0,0,0.0
222,Schanette55,RealVicAndrew,0,0,0.0
223,Schanette55,bob_shoots,0,0,0.0
224,Schanette55,manf40,0,0,0.0
225,Schanette55,Anthellia,0,0,0.0
226,Schanette55,rothauch,0,0,0.0
227,Schanette55,slxvmm,0,0,0.0
228,Schanette55,thaimrc,0,0,0.0
229,Schanette55,21PotterDragons,0,0,0.0
230,Schanette55,kblast523,0,0,0.0
231,Schanette55,RickyCa69392149,0,0,0.0
232,Schanette55,sagittxrus,0,0,0.0
233,Schanette55,dm3300,0,0,0.0
234,Schanette55,davi_ferrarez,0,0,0.0
235,VACatLady,SandyKuti,0,0,0.0
236,VACatLady,coldwarning,0,0,0.0
237,VACatLady,galnolabebu,0,0,0.0
238,VACatLady,Donna_Garness,0,0,0.0
239,VACatLady,lisaginardi,0,0,0.0
240,VACatLady,LuLaY_T,0,0,0.0
241,VACatLady,TeedIsMe,0,0,0.0
242,VACatLady,1sthappysodme,0,0,0.0
243,VACatLady,Margare04323327,0,0,0.0
244,VACatLady,ExcelAfrica,0,0,0.0
245,VACatLady,pizzaital,0,0,0.0
246,VACatLady,FindAClearTruth,0,0,0.0
247,VACatLady,3thofme,0,0,0.0
248,VACatLady,NJTRANSIT,0,0,0.0
249,VACatLady,CarsinMichel,0,0,0.0
250,VACatLady,1OneCredit,0,0,0.0
251,VACatLady,DarrellWest1984,0,0,0.0
252,VACatLady,DreamsRestless,0,0,0.0
253,VACatLady,AllisonRhody56,0,0,0.0
254,VACatLady,mcnellenbach,0,0,0.0
255,VACatLady,julianswainson,0,0,0.0
256,VACatLady,roderickburrell,0,0,0.0
257,VACatLady,timothy_burden,0,0,0.0
258,VACatLady,Somethin_k,0,0,0.0
259,VACatLady,ComPattyjs,0,0,0.0
260,VACatLady,tentenvilu,0,0,0.0
261,VACatLady,BobtheReplier,0,0,0.0
262,VACatLady,Bamafanaticfan1,0,0,0.0
263,VACatLady,EvilMissMiracle,0,0,0.0
264,VACatLady,LaurieSpoon,0,0,0.0
265,VACatLady,nickpaluzzi,0,0,0.0
266,VACatLady,RealVicAndrew,0,0,0.0
267,VACatLady,bob_shoots,0,0,0.0
268,VACatLady,manf40,0,0,0.0
269,VACatLady,Anthellia,0,0,0.0
270,VACatLady,rothauch,0,0,0.0
271,VACatLady,slxvmm,0,0,0.0
272,VACatLady,thaimrc,0,0,0.0
273,VACatLady,21PotterDragons,0,0,0.0
274,VACatLady,kblast523,0,0,0.0
275,VACatLady,RickyCa69392149,0,0,0.0
276,VACatLady,sagittxrus,0,0,0.0
277,VACatLady,dm3300,0,0,0.0
278,VACatLady,davi_ferrarez,0,0,0.0
279,SandyKuti,coldwarning,0,0,0.0
280,SandyKuti,galnolabebu,0,0,0.0
281,SandyKuti,Donna_Garness,0,0,0.0
282,SandyKuti,lisaginardi,0,0,0.0
283,SandyKuti,LuLaY_T,0,0,0.0
284,SandyKuti,TeedIsMe,0,0,0.0
285,SandyKuti,1sthappysodme,0,0,0.0
286,SandyKuti,Margare04323327,0,0,0.0
287,SandyKuti,ExcelAfrica,0,0,0.0
288,SandyKuti,pizzaital,0,0,0.0
289,SandyKuti,FindAClearTruth,0,0,0.0
290,SandyKuti,3thofme,0,0,0.0
291,SandyKuti,NJTRANSIT,0,0,0.0
292,SandyKuti,CarsinMichel,0,0,0.0
293,SandyKuti,1OneCredit,0,0,0.0
294,SandyKuti,DarrellWest1984,0,0,0.0
295,SandyKuti,DreamsRestless,0,0,0.0
296,SandyKuti,AllisonRhody56,0,0,0.0
297,SandyKuti,mcnellenbach,0,0,0.0
298,SandyKuti,julianswainson,0,0,0.0
299,SandyKuti,roderickburrell,0,0,0.0
300,SandyKuti,timothy_burden,0,0,0.0
301,SandyKuti,Somethin_k,0,0,0.0
302,SandyKuti,ComPattyjs,0,0,0.0
303,SandyKuti,tentenvilu,0,0,0.0
304,SandyKuti,BobtheReplier,0,0,0.0
305,SandyKuti,Bamafanaticfan1,0,0,0.0
306,SandyKuti,EvilMissMiracle,0,0,0.0
307,SandyKuti,LaurieSpoon,0,0,0.0
308,SandyKuti,nickpaluzzi,0,0,0.0
309,SandyKuti,RealVicAndrew,0,0,0.0
310,SandyKuti,bob_shoots,0,0,0.0
311,SandyKuti,manf40,0,0,0.0
312,SandyKuti,Anthellia,0,0,0.0
313,SandyKuti,rothauch,0,0,0.0
314,SandyKuti,slxvmm,0,0,0.0
315,SandyKuti,thaimrc,0,0,0.0
316,SandyKuti,21PotterDragons,0,0,0.0
317,SandyKuti,kblast523,0,0,0.0
318,SandyKuti,RickyCa69392149,0,0,0.0
319,SandyKuti,sagittxrus,0,0,0.0
320,SandyKuti,dm3300,0,0,0.0
321,SandyKuti,davi_ferrarez,0,0,0.0
322,coldwarning,galnolabebu,0,0,0.0
323,coldwarning,Donna_Garness,0,0,0.0
324,coldwarning,lisaginardi,0,0,0.0
325,coldwarning,LuLaY_T,0,0,0.0
326,coldwarning,TeedIsMe,0,0,0.0
327,coldwarning,1sthappysodme,0,0,0.0
328,coldwarning,Margare04323327,0,0,0.0
329,coldwarning,ExcelAfrica,0,0,0.0
330,coldwarning,pizzaital,0,0,0.0
331,coldwarning,FindAClearTruth,0,0,0.0
332,coldwarning,3thofme,0,0,0.0
333,coldwarning,NJTRANSIT,0,0,0.0
334,coldwarning,CarsinMichel,0,0,0.0
335,coldwarning,1OneCredit,0,0,0.0
336,coldwarning,DarrellWest1984,0,0,0.0
337,coldwarning,DreamsRestless,0,0,0.0
338,coldwarning,AllisonRhody56,0,0,0.0
339,coldwarning,mcnellenbach,0,0,0.0
340,coldwarning,julianswainson,0,0,0.0
341,coldwarning,roderickburrell,0,0,0.0
342,coldwarning,timothy_burden,0,0,0.0
343,coldwarning,Somethin_k,0,0,0.0
344,coldwarning,ComPattyjs,0,0,0.0
345,coldwarning,tentenvilu,0,0,0.0
346,coldwarning,BobtheReplier,0,0,0.0
347,coldwarning,Bamafanaticfan1,0,0,0.0
348,coldwarning,EvilMissMiracle,0,0,0.0
349,coldwarning,LaurieSpoon,0,0,0.0
350,coldwarning,nickpaluzzi,0,0,0.0
351,coldwarning,RealVicAndrew,0,0,0.0
352,coldwarning,bob_shoots,0,0,0.0
353,coldwarning,manf40,0,0,0.0
354,coldwarning,Anthellia,0,0,0.0
355,coldwarning,rothauch,0,0,0.0
356,coldwarning,slxvmm,0,0,0.0
357,coldwarning,thaimrc,0,0,0.0
358,coldwarning,21PotterDragons,0,0,0.0
359,coldwarning,kblast523,0,0,0.0
360,coldwarning,RickyCa69392149,0,0,0.0
361,coldwarning,sagittxrus,0,0,0.0
362,coldwarning,dm3300,0,0,0.0
363,coldwarning,davi_ferrarez,0,0,0.0
364,galnolabebu,Donna_Garness,0,0,0.0
365,galnolabebu,lisaginardi,0,0,0.0
366,galnolabebu,LuLaY_T,0,0,0.0
367,galnolabebu,TeedIsMe,0,0,0.0
368,galnolabebu,1sthappysodme,0,0,0.0
369,galnolabebu,Margare04323327,0,0,0.0
370,galnolabebu,ExcelAfrica,0,0,0.0
371,galnolabebu,pizzaital,0,0,0.0
372,galnolabebu,FindAClearTruth,0,0,0.0
373,galnolabebu,3thofme,0,0,0.0
374,galnolabebu,NJTRANSIT,0,0,0.0
375,galnolabebu,CarsinMichel,0,0,0.0
376,galnolabebu,1OneCredit,0,0,0.0
377,galnolabebu,DarrellWest1984,0,0,0.0
378,galnolabebu,DreamsRestless,0,0,0.0
379,galnolabebu,AllisonRhody56,0,0,0.0
380,galnolabebu,mcnellenbach,0,0,0.0
381,galnolabebu,julianswainson,0,0,0.0
382,galnolabebu,roderickburrell,0,0,0.0
383,galnolabebu,timothy_burden,0,0,0.0
384,galnolabebu,Somethin_k,0,0,0.0
385,galnolabebu,ComPattyjs,0,0,0.0
386,galnolabebu,tentenvilu,0,0,0.0
387,galnolabebu,BobtheReplier,0,0,0.0
388,galnolabebu,Bamafanaticfan1,0,0,0.0
389,galnolabebu,EvilMissMiracle,0,0,0.0
390,galnolabebu,LaurieSpoon,0,0,0.0
391,galnolabebu,nickpaluzzi,0,0,0.0
392,galnolabebu,RealVicAndrew,0,0,0.0
393,galnolabebu,bob_shoots,0,0,0.0
394,galnolabebu,manf40,0,0,0.0
395,galnolabebu,Anthellia,0,0,0.0
396,galnolabebu,rothauch,0,0,0.0
397,galnolabebu,slxvmm,0,0,0.0
398,galnolabebu,thaimrc,0,0,0.0
399,galnolabebu,21PotterDragons,0,0,0.0
400,galnolabebu,kblast523,0,0,0.0
401,galnolabebu,RickyCa69392149,0,0,0.0
402,galnolabebu,sagittxrus,0,0,0.0
403,galnolabebu,dm3300,0,0,0.0
404,galnolabebu,davi_ferrarez,0,0,0.0
405,Donna_Garness,lisaginardi,0,0,0.0
406,Donna_Garness,LuLaY_T,0,0,0.0
407,Donna_Garness,TeedIsMe,0,0,0.0
408,Donna_Garness,1sthappysodme,0,0,0.0
409,Donna_Garness,Margare04323327,0,0,0.0
410,Donna_Garness,ExcelAfrica,0,0,0.0
411,Donna_Garness,pizzaital,0,0,0.0
412,Donna_Garness,FindAClearTruth,0,0,0.0
413,Donna_Garness,3thofme,0,0,0.0
414,Donna_Garness,NJTRANSIT,0,0,0.0
415,Donna_Garness,CarsinMichel,0,0,0.0
416,Donna_Garness,1OneCredit,0,0,0.0
417,Donna_Garness,DarrellWest1984,0,0,0.0
418,Donna_Garness,DreamsRestless,0,0,0.0
419,Donna_Garness,AllisonRhody56,0,0,0.0
420,Donna_Garness,mcnellenbach,0,0,0.0
421,Donna_Garness,julianswainson,0,0,0.0
422,Donna_Garness,roderickburrell,0,0,0.0
423,Donna_Garness,timothy_burden,0,0,0.0
424,Donna_Garness,Somethin_k,0,0,0.0
425,Donna_Garness,ComPattyjs,0,0,0.0
426,Donna_Garness,tentenvilu,0,0,0.0
427,Donna_Garness,BobtheReplier,0,0,0.0
428,Donna_Garness,Bamafanaticfan1,0,0,0.0
429,Donna_Garness,EvilMissMiracle,0,0,0.0
430,Donna_Garness,LaurieSpoon,0,0,0.0
431,Donna_Garness,nickpaluzzi,0,0,0.0
432,Donna_Garness,RealVicAndrew,0,0,0.0
433,Donna_Garness,bob_shoots,0,0,0.0
434,Donna_Garness,manf40,0,0,0.0
435,Donna_Garness,Anthellia,0,0,0.0
436,Donna_Garness,rothauch,0,0,0.0
437,Donna_Garness,slxvmm,0,0,0.0
438,Donna_Garness,thaimrc,0,0,0.0
439,Donna_Garness,21PotterDragons,0,0,0.0
440,Donna_Garness,kblast523,0,0,0.0
441,Donna_Garness,RickyCa69392149,0,0,0.0
442,Donna_Garness,sagittxrus,0,0,0.0
443,Donna_Garness,dm3300,0,0,0.0
444,Donna_Garness,davi_ferrarez,0,0,0.0
445,lisaginardi,LuLaY_T,0,0,0.0
446,lisaginardi,TeedIsMe,0,0,0.0
447,lisaginardi,1sthappysodme,0,0,0.0
448,lisaginardi,Margare04323327,0,0,0.0
449,lisaginardi,ExcelAfrica,0,0,0.0
450,lisaginardi,pizzaital,0,0,0.0
451,lisaginardi,FindAClearTruth,0,0,0.0
452,lisaginardi,3thofme,0,0,0.0
453,lisaginardi,NJTRANSIT,0,0,0.0
454,lisaginardi,CarsinMichel,0,0,0.0
455,lisaginardi,1OneCredit,0,0,0.0
456,lisaginardi,DarrellWest1984,0,0,0.0
457,lisaginardi,DreamsRestless,0,0,0.0
458,lisaginardi,AllisonRhody56,0,0,0.0
459,lisaginardi,mcnellenbach,0,0,0.0
460,lisaginardi,julianswainson,0,0,0.0
461,lisaginardi,roderickburrell,0,0,0.0
462,lisaginardi,timothy_burden,0,0,0.0
463,lisaginardi,Somethin_k,0,0,0.0
464,lisaginardi,ComPattyjs,0,0,0.0
465,lisaginardi,tentenvilu,0,0,0.0
466,lisaginardi,BobtheReplier,0,0,0.0
467,lisaginardi,Bamafanaticfan1,0,0,0.0
468,lisaginardi,EvilMissMiracle,0,0,0.0
469,lisaginardi,LaurieSpoon,0,0,0.0
470,lisaginardi,nickpaluzzi,0,0,0.0
471,lisaginardi,RealVicAndrew,0,0,0.0
472,lisaginardi,bob_shoots,0,0,0.0
473,lisaginardi,manf40,0,0,0.0
474,lisaginardi,Anthellia,0,0,0.0
475,lisaginardi,rothauch,0,0,0.0
476,lisaginardi,slxvmm,0,0,0.0
477,lisaginardi,thaimrc,0,0,0.0
478,lisaginardi,21PotterDragons,0,0,0.0
479,lisaginardi,kblast523,0,0,0.0
480,lisaginardi,RickyCa69392149,0,0,0.0
481,lisaginardi,sagittxrus,0,0,0.0
482,lisaginardi,dm3300,0,0,0.0
483,lisaginardi,davi_ferrarez,0,0,0.0
484,LuLaY_T,TeedIsMe,0,0,0.0
485,LuLaY_T,1sthappysodme,0,0,0.0
486,LuLaY_T,Margare04323327,0,0,0.0
487,LuLaY_T,ExcelAfrica,0,0,0.0
488,LuLaY_T,pizzaital,0,0,0.0
489,LuLaY_T,FindAClearTruth,0,0,0.0
490,LuLaY_T,3thofme,0,0,0.0
491,LuLaY_T,NJTRANSIT,0,0,0.0
492,LuLaY_T,CarsinMichel,0,0,0.0
493,LuLaY_T,1OneCredit,0,0,0.0
494,LuLaY_T,DarrellWest1984,0,0,0.0
495,LuLaY_T,DreamsRestless,0,0,0.0
496,LuLaY_T,AllisonRhody56,0,0,0.0
497,LuLaY_T,mcnellenbach,0,0,0.0
498,LuLaY_T,julianswainson,0,0,0.0
499,LuLaY_T,roderickburrell,0,0,0.0
500,LuLaY_T,timothy_burden,0,0,0.0
501,LuLaY_T,Somethin_k,0,0,0.0
502,LuLaY_T,ComPattyjs,0,0,0.0
503,LuLaY_T,tentenvilu,0,0,0.0
504,LuLaY_T,BobtheReplier,0,0,0.0
505,LuLaY_T,Bamafanaticfan1,0,0,0.0
506,LuLaY_T,EvilMissMiracle,0,0,0.0
507,LuLaY_T,LaurieSpoon,0,0,0.0
508,LuLaY_T,nickpaluzzi,0,0,0.0
509,LuLaY_T,RealVicAndrew,0,0,0.0
510,LuLaY_T,bob_shoots,0,0,0.0
511,LuLaY_T,manf40,0,0,0.0
512,LuLaY_T,Anthellia,0,0,0.0
513,LuLaY_T,rothauch,0,0,0.0
514,LuLaY_T,slxvmm,0,0,0.0
515,LuLaY_T,thaimrc,0,0,0.0
516,LuLaY_T,21PotterDragons,0,0,0.0
517,LuLaY_T,kblast523,0,0,0.0
518,LuLaY_T,RickyCa69392149,0,0,0.0
519,LuLaY_T,sagittxrus,0,0,0.0
520,LuLaY_T,dm3300,0,0,0.0
521,LuLaY_T,davi_ferrarez,0,0,0.0
522,TeedIsMe,1sthappysodme,0,0,0.0
523,TeedIsMe,Margare04323327,0,0,0.0
524,TeedIsMe,ExcelAfrica,0,0,0.0
525,TeedIsMe,pizzaital,0,0,0.0
526,TeedIsMe,FindAClearTruth,0,0,0.0
527,TeedIsMe,3thofme,0,0,0.0
528,TeedIsMe,NJTRANSIT,0,0,0.0
529,TeedIsMe,CarsinMichel,0,0,0.0
530,TeedIsMe,1OneCredit,0,0,0.0
531,TeedIsMe,DarrellWest1984,0,0,0.0
532,TeedIsMe,DreamsRestless,0,0,0.0
533,TeedIsMe,AllisonRhody56,0,0,0.0
534,TeedIsMe,mcnellenbach,0,0,0.0
535,TeedIsMe,julianswainson,0,0,0.0
536,TeedIsMe,roderickburrell,0,0,0.0
537,TeedIsMe,timothy_burden,0,0,0.0
538,TeedIsMe,Somethin_k,0,0,0.0
539,TeedIsMe,ComPattyjs,0,0,0.0
540,TeedIsMe,tentenvilu,0,0,0.0
541,TeedIsMe,BobtheReplier,0,0,0.0
542,TeedIsMe,Bamafanaticfan1,0,0,0.0
543,TeedIsMe,EvilMissMiracle,0,0,0.0
544,TeedIsMe,LaurieSpoon,0,0,0.0
545,TeedIsMe,nickpaluzzi,0,0,0.0
546,TeedIsMe,RealVicAndrew,0,0,0.0
547,TeedIsMe,bob_shoots,0,0,0.0
548,TeedIsMe,manf40,0,0,0.0
549,TeedIsMe,Anthellia,0,0,0.0
550,TeedIsMe,rothauch,0,0,0.0
551,TeedIsMe,slxvmm,0,0,0.0
552,TeedIsMe,thaimrc,0,0,0.0
553,TeedIsMe,21PotterDragons,0,0,0.0
554,TeedIsMe,kblast523,0,0,0.0
555,TeedIsMe,RickyCa69392149,0,0,0.0
556,TeedIsMe,sagittxrus,0,0,0.0
557,TeedIsMe,dm3300,0,0,0.0
558,TeedIsMe,davi_ferrarez,0,0,0.0
559,1sthappysodme,Margare04323327,0,0,0.0
560,1sthappysodme,ExcelAfrica,0,0,0.0
561,1sthappysodme,pizzaital,0,0,0.0
562,1sthappysodme,FindAClearTruth,0,0,0.0
563,1sthappysodme,3thofme,0,0,0.0
564,1sthappysodme,NJTRANSIT,0,0,0.0
565,1sthappysodme,CarsinMichel,0,0,0.0
566,1sthappysodme,1OneCredit,0,0,0.0
567,1sthappysodme,DarrellWest1984,0,0,0.0
568,1sthappysodme,DreamsRestless,0,0,0.0
569,1sthappysodme,AllisonRhody56,0,0,0.0
570,1sthappysodme,mcnellenbach,0,0,0.0
571,1sthappysodme,julianswainson,0,0,0.0
572,1sthappysodme,roderickburrell,0,0,0.0
573,1sthappysodme,timothy_burden,0,0,0.0
574,1sthappysodme,Somethin_k,0,0,0.0
575,1sthappysodme,ComPattyjs,0,0,0.0
576,1sthappysodme,tentenvilu,0,0,0.0
577,1sthappysodme,BobtheReplier,0,0,0.0
578,1sthappysodme,Bamafanaticfan1,0,0,0.0
579,1sthappysodme,EvilMissMiracle,0,0,0.0
580,1sthappysodme,LaurieSpoon,0,0,0.0
581,1sthappysodme,nickpaluzzi,0,0,0.0
582,1sthappysodme,RealVicAndrew,0,0,0.0
583,1sthappysodme,bob_shoots,0,0,0.0
584,1sthappysodme,manf40,0,0,0.0
585,1sthappysodme,Anthellia,0,0,0.0
586,1sthappysodme,rothauch,0,0,0.0
587,1sthappysodme,slxvmm,0,0,0.0
588,1sthappysodme,thaimrc,0,0,0.0
589,1sthappysodme,21PotterDragons,0,0,0.0
590,1sthappysodme,kblast523,0,0,0.0
591,1sthappysodme,RickyCa69392149,0,0,0.0
592,1sthappysodme,sagittxrus,0,0,0.0
593,1sthappysodme,dm3300,0,0,0.0
594,1sthappysodme,davi_ferrarez,0,0,0.0
595,Margare04323327,ExcelAfrica,0,0,0.0
596,Margare04323327,pizzaital,0,0,0.0
597,Margare04323327,FindAClearTruth,0,0,0.0
598,Margare04323327,3thofme,0,0,0.0
599,Margare04323327,NJTRANSIT,0,0,0.0
600,Margare04323327,CarsinMichel,0,0,0.0
601,Margare04323327,1OneCredit,0,0,0.0
602,Margare04323327,DarrellWest1984,0,0,0.0
603,Margare04323327,DreamsRestless,0,0,0.0
604,Margare04323327,AllisonRhody56,0,0,0.0
605,Margare04323327,mcnellenbach,0,0,0.0
606,Margare04323327,julianswainson,0,0,0.0
607,Margare04323327,roderickburrell,0,0,0.0
608,Margare04323327,timothy_burden,0,0,0.0
609,Margare04323327,Somethin_k,0,0,0.0
610,Margare04323327,ComPattyjs,0,0,0.0
611,Margare04323327,tentenvilu,0,0,0.0
612,Margare04323327,BobtheReplier,0,0,0.0
613,Margare04323327,Bamafanaticfan1,0,0,0.0
614,Margare04323327,EvilMissMiracle,0,0,0.0
615,Margare04323327,LaurieSpoon,0,0,0.0
616,Margare04323327,nickpaluzzi,0,0,0.0
617,Margare04323327,RealVicAndrew,0,0,0.0
618,Margare04323327,bob_shoots,0,0,0.0
619,Margare04323327,manf40,0,0,0.0
620,Margare04323327,Anthellia,0,0,0.0
621,Margare04323327,rothauch,0,0,0.0
622,Margare04323327,slxvmm,0,0,0.0
623,Margare04323327,thaimrc,0,0,0.0
624,Margare04323327,21PotterDragons,0,0,0.0
625,Margare04323327,kblast523,0,0,0.0
626,Margare04323327,RickyCa69392149,0,0,0.0
627,Margare04323327,sagittxrus,0,0,0.0
628,Margare04323327,dm3300,0,0,0.0
629,Margare04323327,davi_ferrarez,0,0,0.0
630,ExcelAfrica,pizzaital,0,0,0.0
631,ExcelAfrica,FindAClearTruth,0,0,0.0
632,ExcelAfrica,3thofme,0,0,0.0
633,ExcelAfrica,NJTRANSIT,0,0,0.0
634,ExcelAfrica,CarsinMichel,0,0,0.0
635,ExcelAfrica,1OneCredit,0,0,0.0
636,ExcelAfrica,DarrellWest1984,0,0,0.0
637,ExcelAfrica,DreamsRestless,0,0,0.0
638,ExcelAfrica,AllisonRhody56,0,0,0.0
639,ExcelAfrica,mcnellenbach,0,0,0.0
640,ExcelAfrica,julianswainson,0,0,0.0
641,ExcelAfrica,roderickburrell,0,0,0.0
642,ExcelAfrica,timothy_burden,0,0,0.0
643,ExcelAfrica,Somethin_k,0,0,0.0
644,ExcelAfrica,ComPattyjs,0,0,0.0
645,ExcelAfrica,tentenvilu,0,0,0.0
646,ExcelAfrica,BobtheReplier,0,0,0.0
647,ExcelAfrica,Bamafanaticfan1,0,0,0.0
648,ExcelAfrica,EvilMissMiracle,0,0,0.0
649,ExcelAfrica,LaurieSpoon,0,0,0.0
650,ExcelAfrica,nickpaluzzi,0,0,0.0
651,ExcelAfrica,RealVicAndrew,0,0,0.0
652,ExcelAfrica,bob_shoots,0,0,0.0
653,ExcelAfrica,manf40,0,0,0.0
654,ExcelAfrica,Anthellia,0,0,0.0
655,ExcelAfrica,rothauch,0,0,0.0
656,ExcelAfrica,slxvmm,0,0,0.0
657,ExcelAfrica,thaimrc,0,0,0.0
658,ExcelAfrica,21PotterDragons,0,0,0.0
659,ExcelAfrica,kblast523,0,0,0.0
660,ExcelAfrica,RickyCa69392149,0,0,0.0
661,ExcelAfrica,sagittxrus,0,0,0.0
662,ExcelAfrica,dm3300,0,0,0.0
663,ExcelAfrica,davi_ferrarez,0,0,0.0
664,pizzaital,FindAClearTruth,0,0,0.0
665,pizzaital,3thofme,0,0,0.0
666,pizzaital,NJTRANSIT,0,0,0.0
667,pizzaital,CarsinMichel,0,0,0.0
668,pizzaital,1OneCredit,0,0,0.0
669,pizzaital,DarrellWest1984,0,0,0.0
670,pizzaital,DreamsRestless,0,0,0.0
671,pizzaital,AllisonRhody56,0,0,0.0
672,pizzaital,mcnellenbach,0,0,0.0
673,pizzaital,julianswainson,0,0,0.0
674,pizzaital,roderickburrell,0,0,0.0
675,pizzaital,timothy_burden,0,0,0.0
676,pizzaital,Somethin_k,0,0,0.0
677,pizzaital,ComPattyjs,0,0,0.0
678,pizzaital,tentenvilu,0,0,0.0
679,pizzaital,BobtheReplier,0,0,0.0
680,pizzaital,Bamafanaticfan1,0,0,0.0
681,pizzaital,EvilMissMiracle,0,0,0.0
682,pizzaital,LaurieSpoon,0,0,0.0
683,pizzaital,nickpaluzzi,0,0,0.0
684,pizzaital,RealVicAndrew,0,0,0.0
685,pizzaital,bob_shoots,0,0,0.0
686,pizzaital,manf40,0,0,0.0
687,pizzaital,Anthellia,0,0,0.0
688,pizzaital,rothauch,0,0,0.0
689,pizzaital,slxvmm,0,0,0.0
690,pizzaital,thaimrc,0,0,0.0
691,pizzaital,21PotterDragons,0,0,0.0
692,pizzaital,kblast523,0,0,0.0
693,pizzaital,RickyCa69392149,0,0,0.0
694,pizzaital,sagittxrus,0,0,0.0
695,pizzaital,dm3300,0,0,0.0
696,pizzaital,davi_ferrarez,0,0,0.0
697,FindAClearTruth,3thofme,0,0,0.0
698,FindAClearTruth,NJTRANSIT,0,0,0.0
699,FindAClearTruth,CarsinMichel,0,0,0.0
700,FindAClearTruth,1OneCredit,0,0,0.0
701,FindAClearTruth,DarrellWest1984,0,0,0.0
702,FindAClearTruth,DreamsRestless,0,0,0.0
703,FindAClearTruth,AllisonRhody56,0,0,0.0
704,FindAClearTruth,mcnellenbach,0,0,0.0
705,FindAClearTruth,julianswainson,0,0,0.0
706,FindAClearTruth,roderickburrell,0,0,0.0
707,FindAClearTruth,timothy_burden,0,0,0.0
708,FindAClearTruth,Somethin_k,0,0,0.0
709,FindAClearTruth,ComPattyjs,0,0,0.0
710,FindAClearTruth,tentenvilu,0,0,0.0
711,FindAClearTruth,BobtheReplier,0,0,0.0
712,FindAClearTruth,Bamafanaticfan1,0,0,0.0
713,FindAClearTruth,EvilMissMiracle,0,0,0.0
714,FindAClearTruth,LaurieSpoon,0,0,0.0
715,FindAClearTruth,nickpaluzzi,0,0,0.0
716,FindAClearTruth,RealVicAndrew,0,0,0.0
717,FindAClearTruth,bob_shoots,0,0,0.0
718,FindAClearTruth,manf40,0,0,0.0
719,FindAClearTruth,Anthellia,0,0,0.0
720,FindAClearTruth,rothauch,0,0,0.0
721,FindAClearTruth,slxvmm,0,0,0.0
722,FindAClearTruth,thaimrc,0,0,0.0
723,FindAClearTruth,21PotterDragons,0,0,0.0
724,FindAClearTruth,kblast523,0,0,0.0
725,FindAClearTruth,RickyCa69392149,0,0,0.0
726,FindAClearTruth,sagittxrus,0,0,0.0
727,FindAClearTruth,dm3300,0,0,0.0
728,FindAClearTruth,davi_ferrarez,0,0,0.0
729,3thofme,NJTRANSIT,0,0,0.0
730,3thofme,CarsinMichel,0,0,0.0
731,3thofme,1OneCredit,0,0,0.0
732,3thofme,DarrellWest1984,0,0,0.0
733,3thofme,DreamsRestless,0,0,0.0
734,3thofme,AllisonRhody56,0,0,0.0
735,3thofme,mcnellenbach,0,0,0.0
736,3thofme,julianswainson,0,0,0.0
737,3thofme,roderickburrell,0,0,0.0
738,3thofme,timothy_burden,0,0,0.0
739,3thofme,Somethin_k,0,0,0.0
740,3thofme,ComPattyjs,0,0,0.0
741,3thofme,tentenvilu,0,0,0.0
742,3thofme,BobtheReplier,0,0,0.0
743,3thofme,Bamafanaticfan1,0,0,0.0
744,3thofme,EvilMissMiracle,0,0,0.0
745,3thofme,LaurieSpoon,0,0,0.0
746,3thofme,nickpaluzzi,0,0,0.0
747,3thofme,RealVicAndrew,0,0,0.0
748,3thofme,bob_shoots,0,0,0.0
749,3thofme,manf40,0,0,0.0
750,3thofme,Anthellia,0,0,0.0
751,3thofme,rothauch,0,0,0.0
752,3thofme,slxvmm,0,0,0.0
753,3thofme,thaimrc,0,0,0.0
754,3thofme,21PotterDragons,0,0,0.0
755,3thofme,kblast523,0,0,0.0
756,3thofme,RickyCa69392149,0,0,0.0
757,3thofme,sagittxrus,0,0,0.0
758,3thofme,dm3300,0,0,0.0
759,3thofme,davi_ferrarez,0,0,0.0
760,NJTRANSIT,CarsinMichel,0,0,0.0
761,NJTRANSIT,1OneCredit,0,0,0.0
762,NJTRANSIT,DarrellWest1984,0,0,0.0
763,NJTRANSIT,DreamsRestless,0,0,0.0
764,NJTRANSIT,AllisonRhody56,0,0,0.0
765,NJTRANSIT,mcnellenbach,0,0,0.0
766,NJTRANSIT,julianswainson,0,0,0.0
767,NJTRANSIT,roderickburrell,0,0,0.0
768,NJTRANSIT,timothy_burden,0,0,0.0
769,NJTRANSIT,Somethin_k,0,0,0.0
770,NJTRANSIT,ComPattyjs,0,0,0.0
771,NJTRANSIT,tentenvilu,0,0,0.0
772,NJTRANSIT,BobtheReplier,0,0,0.0
773,NJTRANSIT,Bamafanaticfan1,0,0,0.0
774,NJTRANSIT,EvilMissMiracle,0,0,0.0
775,NJTRANSIT,LaurieSpoon,0,0,0.0
776,NJTRANSIT,nickpaluzzi,0,0,0.0
777,NJTRANSIT,RealVicAndrew,0,0,0.0
778,NJTRANSIT,bob_shoots,0,0,0.0
779,NJTRANSIT,manf40,0,0,0.0
780,NJTRANSIT,Anthellia,0,0,0.0
781,NJTRANSIT,rothauch,0,0,0.0
782,NJTRANSIT,slxvmm,0,0,0.0
783,NJTRANSIT,thaimrc,0,0,0.0
784,NJTRANSIT,21PotterDragons,0,0,0.0
785,NJTRANSIT,kblast523,0,0,0.0
786,NJTRANSIT,RickyCa69392149,0,0,0.0
787,NJTRANSIT,sagittxrus,0,0,0.0
788,NJTRANSIT,dm3300,0,0,0.0
789,NJTRANSIT,davi_ferrarez,0,0,0.0
790,CarsinMichel,1OneCredit,0,0,0.0
791,CarsinMichel,DarrellWest1984,0,0,0.0
792,CarsinMichel,DreamsRestless,0,0,0.0
793,CarsinMichel,AllisonRhody56,0,0,0.0
794,CarsinMichel,mcnellenbach,0,0,0.0
795,CarsinMichel,julianswainson,0,0,0.0
796,CarsinMichel,roderickburrell,0,0,0.0
797,CarsinMichel,timothy_burden,0,0,0.0
798,CarsinMichel,Somethin_k,0,0,0.0
799,CarsinMichel,ComPattyjs,0,0,0.0
800,CarsinMichel,tentenvilu,0,0,0.0
801,CarsinMichel,BobtheReplier,0,0,0.0
802,CarsinMichel,Bamafanaticfan1,0,0,0.0
803,CarsinMichel,EvilMissMiracle,0,0,0.0
804,CarsinMichel,LaurieSpoon,0,0,0.0
805,CarsinMichel,nickpaluzzi,0,0,0.0
806,CarsinMichel,RealVicAndrew,0,0,0.0
807,CarsinMichel,bob_shoots,0,0,0.0
808,CarsinMichel,manf40,0,0,0.0
809,CarsinMichel,Anthellia,0,0,0.0
810,CarsinMichel,rothauch,0,0,0.0
811,CarsinMichel,slxvmm,0,0,0.0
812,CarsinMichel,thaimrc,0,0,0.0
813,CarsinMichel,21PotterDragons,0,0,0.0
814,CarsinMichel,kblast523,0,0,0.0
815,CarsinMichel,RickyCa69392149,0,0,0.0
816,CarsinMichel,sagittxrus,0,0,0.0
817,CarsinMichel,dm3300,0,0,0.0
818,CarsinMichel,davi_ferrarez,0,0,0.0
819,1OneCredit,DarrellWest1984,0,0,0.0
820,1OneCredit,DreamsRestless,0,0,0.0
821,1OneCredit,AllisonRhody56,0,0,0.0
822,1OneCredit,mcnellenbach,0,0,0.0
823,1OneCredit,julianswainson,0,0,0.0
824,1OneCredit,roderickburrell,0,0,0.0
825,1OneCredit,timothy_burden,0,0,0.0
826,1OneCredit,Somethin_k,0,0,0.0
827,1OneCredit,ComPattyjs,0,0,0.0
828,1OneCredit,tentenvilu,0,0,0.0
829,1OneCredit,BobtheReplier,0,0,0.0
830,1OneCredit,Bamafanaticfan1,0,0,0.0
831,1OneCredit,EvilMissMiracle,0,0,0.0
832,1OneCredit,LaurieSpoon,0,0,0.0
833,1OneCredit,nickpaluzzi,0,0,0.0
834,1OneCredit,RealVicAndrew,0,0,0.0
835,1OneCredit,bob_shoots,0,0,0.0
836,1OneCredit,manf40,0,0,0.0
837,1OneCredit,Anthellia,0,0,0.0
838,1OneCredit,rothauch,0,0,0.0
839,1OneCredit,slxvmm,0,0,0.0
840,1OneCredit,thaimrc,0,0,0.0
841,1OneCredit,21PotterDragons,0,0,0.0
842,1OneCredit,kblast523,0,0,0.0
843,1OneCredit,RickyCa69392149,0,0,0.0
844,1OneCredit,sagittxrus,0,0,0.0
845,1OneCredit,dm3300,0,0,0.0
846,1OneCredit,davi_ferrarez,0,0,0.0
847,DarrellWest1984,DreamsRestless,0,0,0.0
848,DarrellWest1984,AllisonRhody56,0,0,0.0
849,DarrellWest1984,mcnellenbach,0,0,0.0
850,DarrellWest1984,julianswainson,0,0,0.0
851,DarrellWest1984,roderickburrell,0,0,0.0
852,DarrellWest1984,timothy_burden,0,0,0.0
853,DarrellWest1984,Somethin_k,0,0,0.0
854,DarrellWest1984,ComPattyjs,0,0,0.0
855,DarrellWest1984,tentenvilu,0,0,0.0
856,DarrellWest1984,BobtheReplier,0,0,0.0
857,DarrellWest1984,Bamafanaticfan1,0,0,0.0
858,DarrellWest1984,EvilMissMiracle,0,0,0.0
859,DarrellWest1984,LaurieSpoon,0,0,0.0
860,DarrellWest1984,nickpaluzzi,0,0,0.0
861,DarrellWest1984,RealVicAndrew,0,0,0.0
862,DarrellWest1984,bob_shoots,0,0,0.0
863,DarrellWest1984,manf40,0,0,0.0
864,DarrellWest1984,Anthellia,0,0,0.0
865,DarrellWest1984,rothauch,0,0,0.0
866,DarrellWest1984,slxvmm,0,0,0.0
867,DarrellWest1984,thaimrc,0,0,0.0
868,DarrellWest1984,21PotterDragons,0,0,0.0
869,DarrellWest1984,kblast523,0,0,0.0
870,DarrellWest1984,RickyCa69392149,0,0,0.0
871,DarrellWest1984,sagittxrus,0,0,0.0
872,DarrellWest1984,dm3300,0,0,0.0
873,DarrellWest1984,davi_ferrarez,0,0,0.0
874,DreamsRestless,AllisonRhody56,0,0,0.0
875,DreamsRestless,mcnellenbach,0,0,0.0
876,DreamsRestless,julianswainson,0,0,0.0
877,DreamsRestless,roderickburrell,0,0,0.0
878,DreamsRestless,timothy_burden,0,0,0.0
879,DreamsRestless,Somethin_k,0,0,0.0
880,DreamsRestless,ComPattyjs,0,0,0.0
881,DreamsRestless,tentenvilu,0,0,0.0
882,DreamsRestless,BobtheReplier,0,0,0.0
883,DreamsRestless,Bamafanaticfan1,0,0,0.0
884,DreamsRestless,EvilMissMiracle,0,0,0.0
885,DreamsRestless,LaurieSpoon,0,0,0.0
886,DreamsRestless,nickpaluzzi,0,0,0.0
887,DreamsRestless,RealVicAndrew,0,0,0.0
888,DreamsRestless,bob_shoots,0,0,0.0
889,DreamsRestless,manf40,0,0,0.0
890,DreamsRestless,Anthellia,0,0,0.0
891,DreamsRestless,rothauch,0,0,0.0
892,DreamsRestless,slxvmm,0,0,0.0
893,DreamsRestless,thaimrc,0,0,0.0
894,DreamsRestless,21PotterDragons,0,0,0.0
895,DreamsRestless,kblast523,0,0,0.0
896,DreamsRestless,RickyCa69392149,0,0,0.0
897,DreamsRestless,sagittxrus,0,0,0.0
898,DreamsRestless,dm3300,0,0,0.0
899,DreamsRestless,davi_ferrarez,0,0,0.0
900,AllisonRhody56,mcnellenbach,0,0,0.0
901,AllisonRhody56,julianswainson,0,0,0.0
902,AllisonRhody56,roderickburrell,0,0,0.0
903,AllisonRhody56,timothy_burden,0,0,0.0
904,AllisonRhody56,Somethin_k,0,0,0.0
905,AllisonRhody56,ComPattyjs,0,0,0.0
906,AllisonRhody56,tentenvilu,0,0,0.0
907,AllisonRhody56,BobtheReplier,0,0,0.0
908,AllisonRhody56,Bamafanaticfan1,0,0,0.0
909,AllisonRhody56,EvilMissMiracle,0,0,0.0
910,AllisonRhody56,LaurieSpoon,0,0,0.0
911,AllisonRhody56,nickpaluzzi,0,0,0.0
912,AllisonRhody56,RealVicAndrew,0,0,0.0
913,AllisonRhody56,bob_shoots,0,0,0.0
914,AllisonRhody56,manf40,0,0,0.0
915,AllisonRhody56,Anthellia,0,0,0.0
916,AllisonRhody56,rothauch,0,0,0.0
917,AllisonRhody56,slxvmm,0,0,0.0
918,AllisonRhody56,thaimrc,0,0,0.0
919,AllisonRhody56,21PotterDragons,0,0,0.0
920,AllisonRhody56,kblast523,0,0,0.0
921,AllisonRhody56,RickyCa69392149,0,0,0.0
922,AllisonRhody56,sagittxrus,0,0,0.0
923,AllisonRhody56,dm3300,0,0,0.0
924,AllisonRhody56,davi_ferrarez,0,0,0.0
925,mcnellenbach,julianswainson,0,0,0.0
926,mcnellenbach,roderickburrell,0,0,0.0
927,mcnellenbach,timothy_burden,0,0,0.0
928,mcnellenbach,Somethin_k,0,0,0.0
929,mcnellenbach,ComPattyjs,0,0,0.0
930,mcnellenbach,tentenvilu,0,0,0.0
931,mcnellenbach,BobtheReplier,0,0,0.0
932,mcnellenbach,Bamafanaticfan1,0,0,0.0
933,mcnellenbach,EvilMissMiracle,0,0,0.0
934,mcnellenbach,LaurieSpoon,0,0,0.0
935,mcnellenbach,nickpaluzzi,0,0,0.0
936,mcnellenbach,RealVicAndrew,0,0,0.0
937,mcnellenbach,bob_shoots,0,0,0.0
938,mcnellenbach,manf40,0,0,0.0
939,mcnellenbach,Anthellia,0,0,0.0
940,mcnellenbach,rothauch,0,0,0.0
941,mcnellenbach,slxvmm,0,0,0.0
942,mcnellenbach,thaimrc,0,0,0.0
943,mcnellenbach,21PotterDragons,0,0,0.0
944,mcnellenbach,kblast523,0,0,0.0
945,mcnellenbach,RickyCa69392149,0,0,0.0
946,mcnellenbach,sagittxrus,0,0,0.0
947,mcnellenbach,dm3300,0,0,0.0
948,mcnellenbach,davi_ferrarez,0,0,0.0
949,julianswainson,roderickburrell,0,0,0.0
950,julianswainson,timothy_burden,0,0,0.0
951,julianswainson,Somethin_k,0,0,0.0
952,julianswainson,ComPattyjs,0,0,0.0
953,julianswainson,tentenvilu,0,0,0.0
954,julianswainson,BobtheReplier,0,0,0.0
955,julianswainson,Bamafanaticfan1,0,0,0.0
956,julianswainson,EvilMissMiracle,0,0,0.0
957,julianswainson,LaurieSpoon,0,0,0.0
958,julianswainson,nickpaluzzi,0,0,0.0
959,julianswainson,RealVicAndrew,0,0,0.0
960,julianswainson,bob_shoots,0,0,0.0
961,julianswainson,manf40,0,0,0.0
962,julianswainson,Anthellia,0,0,0.0
963,julianswainson,rothauch,0,0,0.0
964,julianswainson,slxvmm,0,0,0.0
965,julianswainson,thaimrc,0,0,0.0
966,julianswainson,21PotterDragons,0,0,0.0
967,julianswainson,kblast523,0,0,0.0
968,julianswainson,RickyCa69392149,0,0,0.0
969,julianswainson,sagittxrus,0,0,0.0
970,julianswainson,dm3300,0,0,0.0
971,julianswainson,davi_ferrarez,0,0,0.0
972,roderickburrell,timothy_burden,0,0,0.0
973,roderickburrell,Somethin_k,0,0,0.0
974,roderickburrell,ComPattyjs,0,0,0.0
975,roderickburrell,tentenvilu,0,0,0.0
976,roderickburrell,BobtheReplier,0,0,0.0
977,roderickburrell,Bamafanaticfan1,0,0,0.0
978,roderickburrell,EvilMissMiracle,0,0,0.0
979,roderickburrell,LaurieSpoon,0,0,0.0
980,roderickburrell,nickpaluzzi,0,0,0.0
981,roderickburrell,RealVicAndrew,0,0,0.0
982,roderickburrell,bob_shoots,0,0,0.0
983,roderickburrell,manf40,0,0,0.0
984,roderickburrell,Anthellia,0,0,0.0
985,roderickburrell,rothauch,0,0,0.0
986,roderickburrell,slxvmm,0,0,0.0
987,roderickburrell,thaimrc,0,0,0.0
988,roderickburrell,21PotterDragons,0,0,0.0
989,roderickburrell,kblast523,0,0,0.0
990,roderickburrell,RickyCa69392149,0,0,0.0
991,roderickburrell,sagittxrus,0,0,0.0
992,roderickburrell,dm3300,0,0,0.0
993,roderickburrell,davi_ferrarez,0,0,0.0
994,timothy_burden,Somethin_k,0,0,0.0
995,timothy_burden,ComPattyjs,0,0,0.0
996,timothy_burden,tentenvilu,0,0,0.0
997,timothy_burden,BobtheReplier,0,0,0.0
998,timothy_burden,Bamafanaticfan1,0,0,0.0
999,timothy_burden,EvilMissMiracle,0,0,0.0
1000,timothy_burden,LaurieSpoon,0,0,0.0
1001,timothy_burden,nickpaluzzi,0,0,0.0
1002,timothy_burden,RealVicAndrew,0,0,0.0
1003,timothy_burden,bob_shoots,0,0,0.0
1004,timothy_burden,manf40,0,0,0.0
1005,timothy_burden,Anthellia,0,0,0.0
1006,timothy_burden,rothauch,0,0,0.0
1007,timothy_burden,slxvmm,0,0,0.0
1008,timothy_burden,thaimrc,0,0,0.0
1009,timothy_burden,21PotterDragons,0,0,0.0
1010,timothy_burden,kblast523,0,0,0.0
1011,timothy_burden,RickyCa69392149,0,0,0.0
1012,timothy_burden,sagittxrus,0,0,0.0
1013,timothy_burden,dm3300,0,0,0.0
1014,timothy_burden,davi_ferrarez,0,0,0.0
1015,Somethin_k,ComPattyjs,0,0,0.0
1016,Somethin_k,tentenvilu,0,0,0.0
1017,Somethin_k,BobtheReplier,0,0,0.0
1018,Somethin_k,Bamafanaticfan1,0,0,0.0
1019,Somethin_k,EvilMissMiracle,0,0,0.0
1020,Somethin_k,LaurieSpoon,0,0,0.0
1021,Somethin_k,nickpaluzzi,0,0,0.0
1022,Somethin_k,RealVicAndrew,0,0,0.0
1023,Somethin_k,bob_shoots,0,0,0.0
1024,Somethin_k,manf40,0,0,0.0
1025,Somethin_k,Anthellia,0,0,0.0
1026,Somethin_k,rothauch,0,0,0.0
1027,Somethin_k,slxvmm,0,0,0.0
1028,Somethin_k,thaimrc,0,0,0.0
1029,Somethin_k,21PotterDragons,0,0,0.0
1030,Somethin_k,kblast523,0,0,0.0
1031,Somethin_k,RickyCa69392149,0,0,0.0
1032,Somethin_k,sagittxrus,0,0,0.0
1033,Somethin_k,dm3300,0,0,0.0
1034,Somethin_k,davi_ferrarez,0,0,0.0
1035,ComPattyjs,tentenvilu,0,0,0.0
1036,ComPattyjs,BobtheReplier,0,0,0.0
1037,ComPattyjs,Bamafanaticfan1,0,0,0.0
1038,ComPattyjs,EvilMissMiracle,0,0,0.0
1039,ComPattyjs,LaurieSpoon,0,0,0.0
1040,ComPattyjs,nickpaluzzi,0,0,0.0
1041,ComPattyjs,RealVicAndrew,0,0,0.0
1042,ComPattyjs,bob_shoots,0,0,0.0
1043,ComPattyjs,manf40,0,0,0.0
1044,ComPattyjs,Anthellia,0,0,0.0
1045,ComPattyjs,rothauch,0,0,0.0
1046,ComPattyjs,slxvmm,0,0,0.0
1047,ComPattyjs,thaimrc,0,0,0.0
1048,ComPattyjs,21PotterDragons,0,0,0.0
1049,ComPattyjs,kblast523,0,0,0.0
1050,ComPattyjs,RickyCa69392149,0,0,0.0
1051,ComPattyjs,sagittxrus,0,0,0.0
1052,ComPattyjs,dm3300,0,0,0.0
1053,ComPattyjs,davi_ferrarez,0,0,0.0
1054,tentenvilu,BobtheReplier,0,0,0.0
1055,tentenvilu,Bamafanaticfan1,0,0,0.0
1056,tentenvilu,EvilMissMiracle,0,0,0.0
1057,tentenvilu,LaurieSpoon,0,0,0.0
1058,tentenvilu,nickpaluzzi,0,0,0.0
1059,tentenvilu,RealVicAndrew,0,0,0.0
1060,tentenvilu,bob_shoots,0,0,0.0
1061,tentenvilu,manf40,0,0,0.0
1062,tentenvilu,Anthellia,0,0,0.0
1063,tentenvilu,rothauch,0,0,0.0
1064,tentenvilu,slxvmm,0,0,0.0
1065,tentenvilu,thaimrc,0,0,0.0
1066,tentenvilu,21PotterDragons,0,0,0.0
1067,tentenvilu,kblast523,0,0,0.0
1068,tentenvilu,RickyCa69392149,0,0,0.0
1069,tentenvilu,sagittxrus,0,0,0.0
1070,tentenvilu,dm3300,0,0,0.0
1071,tentenvilu,davi_ferrarez,0,0,0.0
1072,BobtheReplier,Bamafanaticfan1,0,0,0.0
1073,BobtheReplier,EvilMissMiracle,0,0,0.0
1074,BobtheReplier,LaurieSpoon,0,0,0.0
1075,BobtheReplier,nickpaluzzi,0,0,0.0
1076,BobtheReplier,RealVicAndrew,0,0,0.0
1077,BobtheReplier,bob_shoots,0,0,0.0
1078,BobtheReplier,manf40,0,0,0.0
1079,BobtheReplier,Anthellia,0,0,0.0
1080,BobtheReplier,rothauch,0,0,0.0
1081,BobtheReplier,slxvmm,0,0,0.0
1082,BobtheReplier,thaimrc,0,0,0.0
1083,BobtheReplier,21PotterDragons,0,0,0.0
1084,BobtheReplier,kblast523,0,0,0.0
1085,BobtheReplier,RickyCa69392149,0,0,0.0
1086,BobtheReplier,sagittxrus,0,0,0.0
1087,BobtheReplier,dm3300,0,0,0.0
1088,BobtheReplier,davi_ferrarez,0,0,0.0
1089,Bamafanaticfan1,EvilMissMiracle,0,0,0.0
1090,Bamafanaticfan1,LaurieSpoon,0,0,0.0
1091,Bamafanaticfan1,nickpaluzzi,0,0,0.0
1092,Bamafanaticfan1,RealVicAndrew,0,0,0.0
1093,Bamafanaticfan1,bob_shoots,0,0,0.0
1094,Bamafanaticfan1,manf40,0,0,0.0
1095,Bamafanaticfan1,Anthellia,0,0,0.0
1096,Bamafanaticfan1,rothauch,0,0,0.0
1097,Bamafanaticfan1,slxvmm,0,0,0.0
1098,Bamafanaticfan1,thaimrc,0,0,0.0
1099,Bamafanaticfan1,21PotterDragons,0,0,0.0
1100,Bamafanaticfan1,kblast523,0,0,0.0
1101,Bamafanaticfan1,RickyCa69392149,0,0,0.0
1102,Bamafanaticfan1,sagittxrus,0,0,0.0
1103,Bamafanaticfan1,dm3300,0,0,0.0
1104,Bamafanaticfan1,davi_ferrarez,0,0,0.0
1105,EvilMissMiracle,LaurieSpoon,0,0,0.0
1106,EvilMissMiracle,nickpaluzzi,0,0,0.0
1107,EvilMissMiracle,RealVicAndrew,0,0,0.0
1108,EvilMissMiracle,bob_shoots,0,0,0.0
1109,EvilMissMiracle,manf40,0,0,0.0
1110,EvilMissMiracle,Anthellia,0,0,0.0
1111,EvilMissMiracle,rothauch,0,0,0.0
1112,EvilMissMiracle,slxvmm,0,0,0.0
1113,EvilMissMiracle,thaimrc,0,0,0.0
1114,EvilMissMiracle,21PotterDragons,0,0,0.0
1115,EvilMissMiracle,kblast523,0,0,0.0
1116,EvilMissMiracle,RickyCa69392149,0,0,0.0
1117,EvilMissMiracle,sagittxrus,0,0,0.0
1118,EvilMissMiracle,dm3300,0,0,0.0
1119,EvilMissMiracle,davi_ferrarez,0,0,0.0
1120,LaurieSpoon,nickpaluzzi,0,0,0.0
1121,LaurieSpoon,RealVicAndrew,0,0,0.0
1122,LaurieSpoon,bob_shoots,0,0,0.0
1123,LaurieSpoon,manf40,0,0,0.0
1124,LaurieSpoon,Anthellia,0,0,0.0
1125,LaurieSpoon,rothauch,0,0,0.0
1126,LaurieSpoon,slxvmm,0,0,0.0
1127,LaurieSpoon,thaimrc,0,0,0.0
1128,LaurieSpoon,21PotterDragons,0,0,0.0
1129,LaurieSpoon,kblast523,0,0,0.0
1130,LaurieSpoon,RickyCa69392149,0,0,0.0
1131,LaurieSpoon,sagittxrus,0,0,0.0
1132,LaurieSpoon,dm3300,0,0,0.0
1133,LaurieSpoon,davi_ferrarez,0,0,0.0
1134,nickpaluzzi,RealVicAndrew,0,0,0.0
1135,nickpaluzzi,bob_shoots,0,0,0.0
1136,nickpaluzzi,manf40,0,0,0.0
1137,nickpaluzzi,Anthellia,0,0,0.0
1138,nickpaluzzi,rothauch,0,0,0.0
1139,nickpaluzzi,slxvmm,0,0,0.0
1140,nickpaluzzi,thaimrc,0,0,0.0
1141,nickpaluzzi,21PotterDragons,0,0,0.0
1142,nickpaluzzi,kblast523,0,0,0.0
1143,nickpaluzzi,RickyCa69392149,0,0,0.0
1144,nickpaluzzi,sagittxrus,0,0,0.0
1145,nickpaluzzi,dm3300,0,0,0.0
1146,nickpaluzzi,davi_ferrarez,0,0,0.0
1147,RealVicAndrew,bob_shoots,0,0,0.0
1148,RealVicAndrew,manf40,0,0,0.0
1149,RealVicAndrew,Anthellia,0,0,0.0
1150,RealVicAndrew,rothauch,0,0,0.0
1151,RealVicAndrew,slxvmm,0,0,0.0
1152,RealVicAndrew,thaimrc,0,0,0.0
1153,RealVicAndrew,21PotterDragons,0,0,0.0
1154,RealVicAndrew,kblast523,0,0,0.0
1155,RealVicAndrew,RickyCa69392149,0,0,0.0
1156,RealVicAndrew,sagittxrus,0,0,0.0
1157,RealVicAndrew,dm3300,0,0,0.0
1158,RealVicAndrew,davi_ferrarez,0,0,0.0
1159,bob_shoots,manf40,0,0,0.0
1160,bob_shoots,Anthellia,0,0,0.0
1161,bob_shoots,rothauch,0,0,0.0
1162,bob_shoots,slxvmm,0,0,0.0
1163,bob_shoots,thaimrc,0,0,0.0
1164,bob_shoots,21PotterDragons,0,0,0.0
1165,bob_shoots,kblast523,0,0,0.0
1166,bob_shoots,RickyCa69392149,0,0,0.0
1167,bob_shoots,sagittxrus,0,0,0.0
1168,bob_shoots,dm3300,0,0,0.0
1169,bob_shoots,davi_ferrarez,0,0,0.0
1170,manf40,Anthellia,0,0,0.0
1171,manf40,rothauch,0,0,0.0
1172,manf40,slxvmm,0,0,0.0
1173,manf40,thaimrc,0,0,0.0
1174,manf40,21PotterDragons,0,0,0.0
1175,manf40,kblast523,0,0,0.0
1176,manf40,RickyCa69392149,0,0,0.0
1177,manf40,sagittxrus,0,0,0.0
1178,manf40,dm3300,0,0,0.0
1179,manf40,davi_ferrarez,0,0,0.0
1180,Anthellia,rothauch,0,0,0.0
1181,Anthellia,slxvmm,0,0,0.0
1182,Anthellia,thaimrc,0,0,0.0
1183,Anthellia,21PotterDragons,0,0,0.0
1184,Anthellia,kblast523,0,0,0.0
1185,Anthellia,RickyCa69392149,0,0,0.0
1186,Anthellia,sagittxrus,0,0,0.0
1187,Anthellia,dm3300,0,0,0.0
1188,Anthellia,davi_ferrarez,0,0,0.0
1189,rothauch,slxvmm,0,0,0.0
1190,rothauch,thaimrc,0,0,0.0
1191,rothauch,21PotterDragons,0,0,0.0
1192,rothauch,kblast523,0,0,0.0
1193,rothauch,RickyCa69392149,0,0,0.0
1194,rothauch,sagittxrus,0,0,0.0
1195,rothauch,dm3300,0,0,0.0
1196,rothauch,davi_ferrarez,0,0,0.0
1197,slxvmm,thaimrc,0,0,0.0
1198,slxvmm,21PotterDragons,0,0,0.0
1199,slxvmm,kblast523,0,0,0.0
1200,slxvmm,RickyCa69392149,0,0,0.0
1201,slxvmm,sagittxrus,0,0,0.0
1202,slxvmm,dm3300,0,0,0.0
1203,slxvmm,davi_ferrarez,0,0,0.0
1204,thaimrc,21PotterDragons,0,0,0.0
1205,thaimrc,kblast523,0,0,0.0
1206,thaimrc,RickyCa69392149,0,0,0.0
1207,thaimrc,sagittxrus,0,0,0.0
1208,thaimrc,dm3300,0,0,0.0
1209,thaimrc,davi_ferrarez,0,0,0.0
1210,21PotterDragons,kblast523,0,0,0.0
1211,21PotterDragons,RickyCa69392149,0,0,0.0
1212,21PotterDragons,sagittxrus,0,0,0.0
1213,21PotterDragons,dm3300,0,0,0.0
1214,21PotterDragons,davi_ferrarez,0,0,0.0
1215,kblast523,RickyCa69392149,0,0,0.0
1216,kblast523,sagittxrus,0,0,0.0
1217,kblast523,dm3300,0,0,0.0
1218,kblast523,davi_ferrarez,0,0,0.0
1219,RickyCa69392149,sagittxrus,0,0,0.0
1220,RickyCa69392149,dm3300,0,0,0.0
1221,RickyCa69392149,davi_ferrarez,0,0,0.0
1222,sagittxrus,dm3300,0,0,0.0
1223,sagittxrus,davi_ferrarez,0,0,0.0
1224,dm3300,davi_ferrarez,0,0,0.0
